run,local_check,gap_seconds,completion_local,platform,changed,unchanged,native_count,evidence
b3418aa2425d,2026-09-26T23:28:56.079028,,2026-09-26T23:29:02.019695,RUNNING,180,0,1,runs/e20260926-01-acceptance-github/monitor/b3418aa2425d/20260926T152856Z
b3418aa2425d,2026-09-26T23:44:05.124918,909.046,2026-09-26T23:44:20.343430,RUNNING,533,0,4,runs/e20260926-01-acceptance-github/monitor/b3418aa2425d/20260926T154405Z
b3418aa2425d,2026-09-26T23:59:31.291686,926.167,2026-09-26T23:59:47.220722,RUNNING,246,0,11,runs/e20260926-01-acceptance-github/monitor/b3418aa2425d/20260926T155931Z
b3418aa2425d,2026-09-27T00:15:05.115872,933.824,2026-09-27T00:15:42.621191,RUNNING,211,0,17,runs/e20260926-01-acceptance-github/monitor/b3418aa2425d/20260926T161505Z
b3418aa2425d,2026-09-27T00:30:46.087366,940.971,2026-09-27T00:31:16.200176,FAILED,86,0,30,runs/e20260926-01-acceptance-github/monitor/b3418aa2425d/20260926T163046Z
d593b9eae490,2026-09-26T23:29:05.106992,,2026-09-26T23:29:12.523094,RUNNING,192,0,1,runs/e20260926-01-acceptance-github/monitor/d593b9eae490/20260926T152905Z
d593b9eae490,2026-09-26T23:59:12.544181,1807.437,2026-09-26T23:59:30.036048,RUNNING,819,0,5,runs/e20260926-01-acceptance-github/monitor/d593b9eae490/20260926T155912Z
d593b9eae490,2026-09-27T00:29:30.311474,1817.767,2026-09-27T00:29:47.354391,RUNNING,516,0,11,runs/e20260926-01-acceptance-github/monitor/d593b9eae490/20260926T162930Z
d593b9eae490,2026-09-27T01:00:02.102031,1831.791,2026-09-27T01:00:19.707081,RUNNING,725,0,27,runs/e20260926-01-acceptance-github/monitor/d593b9eae490/20260926T170002Z
d593b9eae490,2026-09-27T01:30:19.754609,1817.653,2026-09-27T01:30:38.504556,FAILED,386,0,47,runs/e20260926-01-acceptance-github/monitor/d593b9eae490/20260926T173019Z
03ad599ebd58,2026-09-26T23:29:05.108059,,2026-09-26T23:29:09.649249,RUNNING,158,0,1,runs/e20260926-01-acceptance-github/monitor/03ad599ebd58/20260926T152905Z
03ad599ebd58,2026-09-26T23:59:12.543874,1807.436,2026-09-26T23:59:30.274428,RUNNING,974,0,4,runs/e20260926-01-acceptance-github/monitor/03ad599ebd58/20260926T155912Z
03ad599ebd58,2026-09-27T00:29:30.311791,1817.768,2026-09-27T00:30:02.066515,FAILED,304,0,9,runs/e20260926-01-acceptance-github/monitor/03ad599ebd58/20260926T162930Z
31cf7c5a597c,2026-09-26T23:28:56.079657,,2026-09-26T23:29:05.105954,RUNNING,180,0,1,runs/e20260926-01-acceptance-github/monitor/31cf7c5a597c/20260926T152856Z
31cf7c5a597c,2026-09-26T23:44:05.124735,909.045,2026-09-26T23:44:30.240252,RUNNING,830,0,4,runs/e20260926-01-acceptance-github/monitor/31cf7c5a597c/20260926T154405Z
31cf7c5a597c,2026-09-26T23:59:31.295644,926.171,2026-09-27T00:00:05.089152,RUNNING,172,0,8,runs/e20260926-01-acceptance-github/monitor/31cf7c5a597c/20260926T155931Z
31cf7c5a597c,2026-09-27T00:15:05.116230,933.821,2026-09-27T00:15:46.069178,RUNNING,282,0,17,runs/e20260926-01-acceptance-github/monitor/31cf7c5a597c/20260926T161505Z
31cf7c5a597c,2026-09-27T00:30:46.087246,940.971,2026-09-27T00:31:25.641385,RUNNING,141,0,20,runs/e20260926-01-acceptance-github/monitor/31cf7c5a597c/20260926T163046Z
31cf7c5a597c,2026-09-27T00:46:25.673468,939.586,2026-09-27T00:47:06.152729,FAILED,69,0,34,runs/e20260926-01-acceptance-github/monitor/31cf7c5a597c/20260926T164625Z
